{
  "link_prediction_metrics": {
    "TransE": {
      "MRR": 0.2054041177034378,
      "Hits@1": 0.12,
      "Hits@3": 0.226,
      "Hits@10": 0.38,
      "Mean_Rank": 341.34600830078125,
      "eval_time": 1.4690492153167725,
      "num_evaluated": 500
    },
    "RotatE": {
      "MRR": 0.27897295355796814,
      "Hits@1": 0.192,
      "Hits@3": 0.32,
      "Hits@10": 0.448,
      "Mean_Rank": 390.1759948730469,
      "eval_time": 1.514796495437622,
      "num_evaluated": 500
    },
    "CompGCN": {
      "MRR": 0.3878277838230133,
      "Hits@1": 0.288,
      "Hits@3": 0.43,
      "Hits@10": 0.6,
      "Mean_Rank": 185.65199279785156,
      "eval_time": 19.250561952590942,
      "num_evaluated": 500
    }
  },
  "training_histories": {
    "TransE": {
      "loss": [
        5.856067080246775,
        5.627065018603676,
        5.4512449081679035,
        5.309495199891858,
        5.191019535064697,
        5.090484773306022,
        5.005839935819009,
        4.93720151069469,
        4.883116788433907,
        4.840345520722239,
        4.805876744420905,
        4.778576391980164,
        4.757833174296787,
        4.741813557488578,
        4.729472271481851,
        4.719803317148883,
        4.712141641100547,
        4.706343559394205,
        4.701509662140581,
        4.697783690646179,
        4.69490445108342,
        4.6926715517402595,
        4.6905028210546735,
        4.689106709975049,
        4.687752144677298,
        4.686524731772287,
        4.685591459274292,
        4.685063505531254,
        4.684168797686584,
        4.683434581398068,
        4.682888999021143,
        4.682388302078821,
        4.681981775097381,
        4.681534252668682,
        4.681219050758763,
        4.681078113111338,
        4.680573965373792,
        4.68055402246633,
        4.680113510977953,
        4.679790071975019
      ],
      "total_time": 303.25236535072327
    },
    "RotatE": {
      "loss": [
        30.724920129417477,
        22.042926881546364,
        14.576237262639784,
        8.451981352684193,
        4.508930682239676,
        2.5867504118976736,
        1.7009232792639195,
        1.259740574467451,
        1.0244921165749543,
        0.8935655843942685,
        0.8173708467555225,
        0.7712350671452687,
        0.7412114396579284,
        0.7202113577745911,
        0.7042237464198493,
        0.6915641769878846,
        0.681028911269697,
        0.6723291159124303,
        0.6648172012397221,
        0.6584704359223071,
        0.6526213935891488,
        0.6478944369276664,
        0.6432625716342065,
        0.6396450870915463,
        0.6367683365829009,
        0.633964194839162,
        0.6318861095977009,
        0.6297739567165088,
        0.6271858101052449,
        0.625408184707613,
        0.6243752716179181,
        0.623765763707627,
        0.6231391606922436,
        0.6228377429166234,
        0.6224121794216615,
        0.6220426290555108,
        0.6220548520410868,
        0.6218983752835066,
        0.6216760206043273,
        0.6220038174686575
      ],
      "total_time": 323.7107238769531
    },
    "CompGCN": {
      "loss": [
        0.8717465945204398,
        0.2522592545115858,
        0.19046721669068015,
        0.15960077689330382,
        0.13827360998418994,
        0.12278306655081592,
        0.11058301935182478,
        0.10100821234790006,
        0.09314305063589175,
        0.08653078900468081,
        0.08026593458607681,
        0.07538761178913869,
        0.0710594381408808,
        0.06725803280907466,
        0.0638710038694448,
        0.06028240755256405,
        0.057622450396866726,
        0.05475552843645551,
        0.052770828702171944,
        0.05054404505325439,
        0.048529512830134625,
        0.04706967885332896,
        0.045384629006336503,
        0.043667356420616456,
        0.04249466866030729,
        0.04121308747146811,
        0.04001551058451484,
        0.038710169550171473,
        0.03769148337913859,
        0.03663461146302017,
        0.036257502594892695,
        0.03529456039344458,
        0.03440728119077315,
        0.033822481681529744,
        0.03343372533616042,
        0.032718503476589694,
        0.032187280602248985,
        0.0315020769218305,
        0.03127245819966372,
        0.0305547973813307
      ],
      "total_time": 1345.605373620987
    }
  },
  "zkp_statistics": {
    "num_proofs": 1000,
    "total_gen_time": 0.9629487991333008,
    "avg_gen_time": 0.0009629487991333008,
    "std_gen_time": 0.0001269564901641526,
    "min_gen_time": 0.0008463859558105469,
    "max_gen_time": 0.0017151832580566406,
    "avg_proof_size_bytes": 687.098,
    "num_verified": 1000,
    "num_valid": 0,
    "num_invalid": 1000,
    "verification_rate": 0.0,
    "total_verify_time": 0.46141672134399414,
    "avg_verify_time": 0.0004614167213439941,
    "std_verify_time": 6.547581588056361e-05,
    "tamper_detection_rate": 1.0
  },
  "blockchain_statistics": {
    "num_blocks": 101,
    "total_transactions": 1000,
    "total_gas_used": 38945472,
    "avg_gas_per_tx": 38945.472,
    "avg_mining_time": 0.015108249187469482,
    "total_mining_time": 1.5108249187469482,
    "chain_valid": true,
    "difficulty": 2
  },
  "pipeline_timing": {
    "Training (3 models)": 1972.5684628486633,
    "Evaluation": 22.234407663345337,
    "ZKP Generation": 0.9629487991333008,
    "ZKP Verification": 0.46141672134399414,
    "Blockchain Storage": 1.5324935913085938
  }
}